Article,Product,Affiliate URL
Best Commuter Backpacks for Men,Aer City Pack Pro,
Best Commuter Backpacks for Men,Evergoods Civic Panel Loader 24L,
Best Daily Trainers for Marathon Training,ASICS Novablast 5,
Best Daily Trainers for Marathon Training,HOKA Clifton 10,
Best Daily Trainers for Marathon Training,New Balance Fresh Foam X 1080v14,
Best Daily Trainers for Marathon Training,Saucony Ride 18,
Best Desk Mats,Grovemade Wool Felt Desk Pad,
Best Ergonomic Keyboards,ZSA Voyager,
Best Marathon Shoes for Heavy Runners,ASICS Gel-Nimbus 27,
Best Marathon Shoes for Heavy Runners,Brooks Glycerin 22,
Best Marathon Shoes for Heavy Runners,HOKA Bondi 9,
Best Marathon Shoes for Heavy Runners,New Balance Fresh Foam X 1080v14,
Best Monitor Arms,Fully Jarvis Monitor Arm,
Best Recovery Sandals,Birkenstock Arizona EVA,
Best Recovery Sandals,Kane Revive,
Best Road Shoe for Your First Marathon,ASICS Novablast 5,
Best Road Shoe for Your First Marathon,Brooks Ghost 17,
Best Road Shoe for Your First Marathon,Nike Pegasus 41,
Best Road Shoe for Your First Marathon,Saucony Ride 18,
Best Running Headphones,Jabra Elite 8 Active Gen 2,
Best Running Vests,Patagonia Slope Runner Vest,
Best Standing Desks,FlexiSpot E7 Pro,
Best Trail Running Poles,Gossamer Gear LT5,
Best Trail Shoes for 100 Miles,Brooks Cascadia 19,
Best Trail Shoes for 100 Miles,Topo Athletic Ultraventure 4,
Best Trail Shoes for Beginners,Brooks Cascadia 19,
Best Trail Shoes for Muddy Conditions,Inov-8 X-Talon Ultra 260 V2,
Best Trail Shoes for Muddy Conditions,Salomon Speedcross 6,
Best Trail Shoes for Wide Feet,Altra Lone Peak 9,
Best Trail Shoes for Wide Feet,Brooks Cascadia 19,
Best Trail Shoes for Wide Feet,Topo Athletic Ultraventure 4,
Top 10 Most Comfortable Trail Shoes,Altra Lone Peak 9,
Top 10 Most Comfortable Trail Shoes,Brooks Caldera 8,
Top 10 Most Comfortable Trail Shoes,Brooks Cascadia 19,
Top 10 Most Comfortable Trail Shoes,Nike Zegama 2,
Top 10 Most Comfortable Trail Shoes,Topo Athletic Ultraventure 4,
